k,inertia,silhouette
3,1348.4297920346444,0.012952675986231054
4,1338.8571784768988,0.013973849140386949
5,1328.401436866199,0.01628135442595152
6,1320.6484397718652,0.018344862027647263
7,1311.9942074320559,0.02067415991829404
8,1302.9515046536076,0.022354979522577364
9,1298.0328171613685,0.022186968549257564
10,1288.9174343552068,0.02583486086154873
11,1284.3671957749655,0.026159434017840585
12,1278.628602443193,0.028066183347339426
